<?xml version="1.0" encoding="ISO-8859-1"?>
<PARAMETERS>
  <NODE name="Elements">
    <NODE name="Hydrogen">
      <ITEM name="Name" value="Hydrogen" type="string" />
      <ITEM name="Symbol" value="H" type="string" />
      <ITEM name="AtomicNumber" value="1" type="int" />
      <NODE name="Isotopes">
        <NODE name="1">
          <ITEM name="RelativeAbundance" value="99.9885" type="float" />
          <ITEM name="AtomicMass" value="1.0078250319" type="float" />
        </NODE>
        <NODE name="2">
          <ITEM name="RelativeAbundance" value="0.0115" type="float" />
          <ITEM name="AtomicMass" value="2.01410178" type="float" />
        </NODE>
        <NODE name="3">
          <ITEM name="RelativeAbundance" value="0.0" type="float" />
          <ITEM name="AtomicMass" value="3.01604927" type="float" />
        </NODE>
      </NODE>
    </NODE>    
    <NODE name="Deuterium">
      <ITEM name="Name" value="Deuterium" type="string" />
      <ITEM name="Symbol" value="D" type="string" />
      <ITEM name="AtomicNumber" value="1" type="int" />
      <NODE name="Isotopes">
        <NODE name="1">
          <ITEM name="RelativeAbundance" value="100.0" type="float" />
          <ITEM name="AtomicMass" value="2.01410178" type="float" />
        </NODE>
      </NODE>
    </NODE>    
    <NODE name="Tritium">
      <ITEM name="Name" value="Tritium" type="string" />
      <ITEM name="Symbol" value="T" type="string" />
      <ITEM name="AtomicNumber" value="1" type="int" />
      <NODE name="Isotopes">
        <NODE name="1">
          <ITEM name="RelativeAbundance" value="100.0" type="float" />
          <ITEM name="AtomicMass" value="3.01604927" type="float" />
        </NODE>
      </NODE>
    </NODE>    
    <NODE name="Helium">
      <ITEM name="Name" value="Helium" type="string"/>
      <ITEM name="Symbol" value="He" type="string"/>
      <ITEM name="AtomicNumber" value="2" type="int"/>
      <NODE name="Isotopes">
        <NODE name="3">
          <ITEM name="RelativeAbundance" value="0.000134" type="float"/>
          <ITEM name="AtomicMass" value="3.0160293191" type="float"/>
        </NODE>
        <NODE name="4">
          <ITEM name="RelativeAbundance" value="99.999866" type="float"/>
          <ITEM name="AtomicMass" value="4.00260325415" type="float"/>
        </NODE>
      </NODE>
    </NODE>
    <NODE name="Lithium">
      <ITEM name="Name" value="Lithium" type="string" />
      <ITEM name="Symbol" value="Li" type="string" />
      <ITEM name="AtomicNumber" value="3" type="int" />
      <NODE name="Isotopes">
        <NODE name="6">
          <ITEM name="RelativeAbundance" value="7.59" type="float" />
          <ITEM name="AtomicMass" value="6.015122" type="float" />
        </NODE>
        <NODE name="7">
          <ITEM name="RelativeAbundance" value="92.41" type="float" />
          <ITEM name="AtomicMass" value="7.016004" type="float" />
        </NODE>
      </NODE>
    </NODE>
    <NODE name="Beryllium">
      <ITEM name="Name" value="Beryllium" type="string"/>
      <ITEM name="Symbol" value="Be" type="string"/>
      <ITEM name="AtomicNumber" value="4" type="int"/>
      <NODE name="Isotopes">
        <NODE name="9">
          <ITEM name="RelativeAbundance" value="100.0" type="float"/>
          <ITEM name="AtomicMass" value="9.0121822" type="float"/>
        </NODE>
      </NODE>
    </NODE>    
    <NODE name="Bor">
      <ITEM name="Name" value="Bor" type="string" />
      <ITEM name="Symbol" value="B" type="string" />
      <ITEM name="AtomicNumber" value="5" type="int" />
      <NODE name="Isotopes">
        <NODE name="10">
          <ITEM name="RelativeAbundance" value="19.9" type="float" />
          <ITEM name="AtomicMass" value="10.012937" type="float" />
        </NODE>
        <NODE name="11">
          <ITEM name="RelativeAbundance" value="80.1" type="float" />
          <ITEM name="AtomicMass" value="11.009305" type="float" />
        </NODE>
      </NODE>
    </NODE>
    <NODE name="Carbon">
      <ITEM name="Name" value="Carbon" type="string" />
      <ITEM name="Symbol" value="C" type="string" />
      <ITEM name="AtomicNumber" value="6" type="int" />
      <NODE name="Isotopes">
        <NODE name="12">
          <ITEM name="RelativeAbundance" value="98.93" type="float" />
          <ITEM name="AtomicMass" value="12.0000000" type="float" />
        </NODE>
        <NODE name="13">
          <ITEM name="RelativeAbundance" value="1.07" type="float" />
          <ITEM name="AtomicMass" value="13.003355" type="float" />
        </NODE>
      </NODE>
    </NODE>
    <NODE name="Nitrogen">
      <ITEM name="Name" value="Nitrogen" type="string" />
      <ITEM name="Symbol" value="N" type="string" />
      <ITEM name="AtomicNumber" value="7" type="int" />
      <NODE name="Isotopes">
        <NODE name="14">
          <ITEM name="RelativeAbundance" value="99.632" type="float" />
          <ITEM name="AtomicMass" value="14.003074" type="float" />
        </NODE>
        <NODE name="15">
          <ITEM name="RelativeAbundance" value="0.368" type="float" />
          <ITEM name="AtomicMass" value="15.000109" type="float" />
        </NODE>
      </NODE>
    </NODE>
    <NODE name="Oxygen">
      <ITEM name="Name" value="Oxygen" type="string" />
      <ITEM name="Symbol" value="O" type="string" />
      <ITEM name="AtomicNumber" value="8" type="int" />
      <NODE name="Isotopes">
        <NODE name="16">
          <ITEM name="RelativeAbundance" value="99.757" type="float" />
          <ITEM name="AtomicMass" value="15.994915" type="float" />
        </NODE>
        <NODE name="17">
          <ITEM name="RelativeAbundance" value="0.038" type="float" />
          <ITEM name="AtomicMass" value="16.999132" type="float" />
        </NODE>
        <NODE name="18">
          <ITEM name="RelativeAbundance" value="0.205" type="float" />
          <ITEM name="AtomicMass" value="17.999169" type="float" />
        </NODE>
      </NODE>
    </NODE>
    <NODE name="Fluorine">
      <ITEM name="Name" value="Fluorine" type="string" />
      <ITEM name="Symbol" value="F" type="string" />
      <ITEM name="AtomicNumber" value="9" type="int" />
      <NODE name="Isotopes">
        <NODE name="19">
          <ITEM name="RelativeAbundance" value="100.0" type="float" />
          <ITEM name="AtomicMass" value="18.99840322" type="float" />
        </NODE>
      </NODE>
    </NODE>
    <NODE name="Argon">
      <ITEM name="Name" value="Argon" type="string"/>
      <ITEM name="Symbol" value="Ar" type="string"/>
      <ITEM name="AtomicNumber" value="18" type="int"/>
      <NODE name="Isotopes">
        <NODE name="36">
          <ITEM name="RelativeAbundance" value="0.3336" type="float"/>
          <ITEM name="AtomicMass" value="35.967545106" type="float"/>
        </NODE>
        <NODE name="38">
          <ITEM name="RelativeAbundance" value="0.0629" type="float"/>
          <ITEM name="AtomicMass" value="37.9627324" type="float"/>
        </NODE>
        <NODE name="40">
          <ITEM name="RelativeAbundance" value="99.6035" type="float"/>
          <ITEM name="AtomicMass" value="39.9623831225" type="float"/>
        </NODE>
      </NODE>
    </NODE>
    <NODE name="Titanium">
      <ITEM name="Name" value="Titanium" type="string" />
      <ITEM name="Symbol" value="Ti" type="string" />
      <ITEM name="AtomicNumber" value="22" type="int" />
      <NODE name="Isotopes">
        <NODE name="46">
          <ITEM name="RelativeAbundance" value="8.25" type="float" />
          <ITEM name="AtomicMass" value="45.9526316" type="float" />
        </NODE>
        <NODE name="47">
          <ITEM name="RelativeAbundance" value="7.44" type="float" />
          <ITEM name="AtomicMass" value="46.9517631" type="float" />
        </NODE>
        <NODE name="48">
          <ITEM name="RelativeAbundance" value="73.72" type="float" />
          <ITEM name="AtomicMass" value="47.9479463" type="float" />
        </NODE>
        <NODE name="49">
          <ITEM name="RelativeAbundance" value="5.41" type="float" />
          <ITEM name="AtomicMass" value="48.9478700" type="float" />
        </NODE>
        <NODE name="50">
          <ITEM name="RelativeAbundance" value="5.18" type="float" />
          <ITEM name="AtomicMass" value="49.9447912" type="float" />
        </NODE>
      </NODE>
    </NODE>
    <NODE name="Sodium">
      <ITEM name="Name" value="Sodium" type="string" />
      <ITEM name="Symbol" value="Na" type="string" />
      <ITEM name="AtomicNumber" value="11" type="int" />
      <NODE name="Isotopes">
        <NODE name="23">
          <ITEM name="RelativeAbundance" value="100.0" type="float" />
          <ITEM name="AtomicMass" value="22.9897692809" type="float" />
        </NODE>
      </NODE>
    </NODE>
    <NODE name="Magnesium">
      <ITEM name="Name" value="Magnesium" type="string" />
      <ITEM name="Symbol" value="Mg" type="string" />
      <ITEM name="AtomicNumber" value="12" type="int" />
      <NODE name="Isotopes">
        <NODE name="24">
          <ITEM name="RelativeAbundance" value="78.99" type="float" />
          <ITEM name="AtomicMass" value="23.985042" type="float" />
        </NODE>
        <NODE name="25">
          <ITEM name="RelativeAbundance" value="10.00" type="float" />
          <ITEM name="AtomicMass" value="24.985837" type="float" />
        </NODE>
        <NODE name="26">
          <ITEM name="RelativeAbundance" value="11.01" type="float" />
          <ITEM name="AtomicMass" value="25.982593" type="float" />
        </NODE>
      </NODE>
    </NODE>
    <NODE name="Aluminium">
      <ITEM name="Name" value="Aluminium" type="string" />
      <ITEM name="Symbol" value="Al" type="string" />
      <ITEM name="AtomicNumber" value="13" type="int" />
      <NODE name="Isotopes">
        <NODE name="27">
          <ITEM name="RelativeAbundance" value="100.0" type="float" />
          <ITEM name="AtomicMass" value="26.98153863" type="float" />
        </NODE>
      </NODE>
    </NODE>
    <NODE name="Silicon">
      <ITEM name="Name" value="Silicon" type="string" />
      <ITEM name="Symbol" value="Si" type="string" />
      <ITEM name="AtomicNumber" value="14" type="int" />
      <NODE name="Isotopes">
        <NODE name="28">
          <ITEM name="RelativeAbundance" value="92.21" type="float" />
          <ITEM name="AtomicMass" value="27.9769265325" type="float" />
        </NODE>
        <NODE name="29">
          <ITEM name="RelativeAbundance" value="4.67" type="float" />
          <ITEM name="AtomicMass" value="28.976494700" type="float" />
        </NODE>
        <NODE name="30">
          <ITEM name="RelativeAbundance" value="3.10" type="float" />
          <ITEM name="AtomicMass" value="29.97377017" type="float" />
        </NODE>
      </NODE>
    </NODE>
    <NODE name="Phosphorus">
      <ITEM name="Name" value="Phosphorus" type="string" />
      <ITEM name="Symbol" value="P" type="string" />
      <ITEM name="AtomicNumber" value="15" type="int" />
      <NODE name="Isotopes">
        <NODE name="31">
          <ITEM name="RelativeAbundance" value="100.0" type="float" />
          <ITEM name="AtomicMass" value="30.97376149" type="float" />
        </NODE>
      </NODE>
    </NODE>
    <NODE name="Sulfur">
      <ITEM name="Name" value="Sulfur" type="string" />
      <ITEM name="Symbol" value="S" type="string" />
      <ITEM name="AtomicNumber" value="16" type="int" />
      <NODE name="Isotopes">
        <NODE name="32">
          <ITEM name="RelativeAbundance" value="94.93" type="float" />
          <ITEM name="AtomicMass" value="31.97207073" type="float" />
        </NODE>
        <NODE name="33">
          <ITEM name="RelativeAbundance" value="0.76" type="float" />
          <ITEM name="AtomicMass" value="32.971458" type="float" />
        </NODE>
        <NODE name="34">
          <ITEM name="RelativeAbundance" value="4.29" type="float" />
          <ITEM name="AtomicMass" value="33.967867" type="float" />
        </NODE>
        <NODE name="36">
          <ITEM name="RelativeAbundance" value="0.02" type="float" />
          <ITEM name="AtomicMass" value="35.967081" type="float" />
        </NODE>
      </NODE>
    </NODE>
    <NODE name="Chlorine">
      <ITEM name="Name" value="Chlorine" type="string" />
      <ITEM name="Symbol" value="Cl" type="string" />
      <ITEM name="AtomicNumber" value="17" type="int" />
      <NODE name="Isotopes">
        <NODE name="35">
          <ITEM name="RelativeAbundance" value="75.76" type="float" />
          <ITEM name="AtomicMass" value="34.96885268" type="float" />
        </NODE>
        <NODE name="37">
          <ITEM name="RelativeAbundance" value="24.24" type="float" />
          <ITEM name="AtomicMass" value="36.96590259" type="float" />
        </NODE>
      </NODE>
    </NODE>
    <NODE name="Potassium">
      <ITEM name="Name" value="Potassium" type="string" />
      <ITEM name="Symbol" value="K" type="string" />
      <ITEM name="AtomicNumber" value="19" type="int" />
      <NODE name="Isotopes">
        <NODE name="39">
          <ITEM name="RelativeAbundance" value="93.2581" type="float" />
          <ITEM name="AtomicMass" value="38.96370668" type="float" />
        </NODE>
        <NODE name="40">
          <ITEM name="RelativeAbundance" value="0.0117" type="float" />
          <ITEM name="AtomicMass" value="39.96399848" type="float" />
        </NODE>
        <NODE name="41">
          <ITEM name="RelativeAbundance" value="6.7302" type="float" />
          <ITEM name="AtomicMass" value="40.96182576" type="float" />
        </NODE>
      </NODE>
    </NODE>
    <NODE name="Calcium">
      <ITEM name="Name" value="Calcium" type="string" />
      <ITEM name="Symbol" value="Ca" type="string" />
      <ITEM name="AtomicNumber" value="20" type="int" />
      <NODE name="Isotopes">
        <NODE name="40">
          <ITEM name="RelativeAbundance" value="96.941" type="float" />
          <ITEM name="AtomicMass" value="39.96259098" type="float" />
        </NODE>
        <NODE name="42">
          <ITEM name="RelativeAbundance" value="0.647" type="float" />
          <ITEM name="AtomicMass" value="41.95861801" type="float" />
        </NODE>
        <NODE name="43">
          <ITEM name="RelativeAbundance" value="0.135" type="float" />
          <ITEM name="AtomicMass" value="42.9587666" type="float" />
        </NODE>
        <NODE name="44">
          <ITEM name="RelativeAbundance" value="2.086" type="float" />
          <ITEM name="AtomicMass" value="43.9554818" type="float" />
        </NODE>
        <NODE name="46">
          <ITEM name="RelativeAbundance" value="0.004" type="float" />
          <ITEM name="AtomicMass" value="45.9536926" type="float" />
        </NODE>
        <NODE name="48">
          <ITEM name="RelativeAbundance" value="0.187" type="float" />
          <ITEM name="AtomicMass" value="47.952534" type="float" />
        </NODE>
      </NODE>
    </NODE>
    <NODE name="Vanadium">
      <ITEM name="Name" value="Vanadium" type="string" />
      <ITEM name="Symbol" value="V" type="string" />
      <ITEM name="AtomicNumber" value="23" type="int" />
      <NODE name="Isotopes">
        <NODE name="50">
          <ITEM name="RelativeAbundance" value="0.250" type="float" />
          <ITEM name="AtomicMass" value="49.9471585" type="float" />
        </NODE>
        <NODE name="51">
          <ITEM name="RelativeAbundance" value="99.750" type="float" />
          <ITEM name="AtomicMass" value="50.9439595" type="float" />
        </NODE>
      </NODE>
    </NODE>
    <NODE name="Chromium">
      <ITEM name="Name" value="Chromium" type="string" />
      <ITEM name="Symbol" value="Cr" type="string" />
      <ITEM name="AtomicNumber" value="24" type="int" />
      <NODE name="Isotopes">
        <NODE name="50">
          <ITEM name="RelativeAbundance" value="4.345" type="float" />
          <ITEM name="AtomicMass" value="49.9460442" type="float" />
        </NODE>
        <NODE name="52">
          <ITEM name="RelativeAbundance" value="83.789" type="float" />
          <ITEM name="AtomicMass" value="51.9405075" type="float" />
        </NODE>
        <NODE name="53">
          <ITEM name="RelativeAbundance" value="9.501" type="float" />
          <ITEM name="AtomicMass" value="52.9406494" type="float" />
        </NODE>
        <NODE name="54">
          <ITEM name="RelativeAbundance" value="2.365" type="float" />
          <ITEM name="AtomicMass" value="53.9388804" type="float" />
        </NODE>
      </NODE>
    </NODE>
    <NODE name="Tellurium">
      <ITEM name="Name" value="Tellurium" type="string" />
      <ITEM name="Symbol" value="Te" type="string" />
      <ITEM name="AtomicNumber" value="52" type="int" />
      <NODE name="Isotopes">
        <NODE name="120">
          <ITEM name="RelativeAbundance" value="0.09" type="float" />
          <ITEM name="AtomicMass" value="119.90402" type="float" />
        </NODE>
        <NODE name="122">
          <ITEM name="RelativeAbundance" value="2.55" type="float" />
          <ITEM name="AtomicMass" value="121.9030439" type="float" />
        </NODE>
        <NODE name="124">
          <ITEM name="RelativeAbundance" value="4.74" type="float" />
          <ITEM name="AtomicMass" value="123.9028179" type="float" />
        </NODE>
         <NODE name="125">
          <ITEM name="RelativeAbundance" value="7.07" type="float" />
          <ITEM name="AtomicMass" value="124.9044307" type="float" />
        </NODE>
         <NODE name="126">
          <ITEM name="RelativeAbundance" value="18.84" type="float" />
          <ITEM name="AtomicMass" value="125.9033117" type="float" />
        </NODE>
         <NODE name="128">
          <ITEM name="RelativeAbundance" value="31.74" type="float" />
          <ITEM name="AtomicMass" value="127.9044631" type="float" />
        </NODE>
         <NODE name="130">
          <ITEM name="RelativeAbundance" value="34.08" type="float" />
          <ITEM name="AtomicMass" value="129.9062244" type="float" />
        </NODE>
      </NODE>
    </NODE>
    <NODE name="Barium">
      <ITEM name="Name" value="Barium" type="string"/>
      <ITEM name="Symbol" value="Ba" type="string"/>
      <ITEM name="AtomicNumber" value="56" type="int"/>
      <NODE name="Isotopes">
        <NODE name="132">
          <ITEM name="RelativeAbundance" value="0.101" type="float"/>
          <ITEM name="AtomicMass" value="131.9050613" type="float"/>
        </NODE>
        <NODE name="134">
          <ITEM name="RelativeAbundance" value="2.417" type="float"/>
          <ITEM name="AtomicMass" value="133.9045084" type="float"/>
        </NODE>
        <NODE name="135">
          <ITEM name="RelativeAbundance" value="6.592" type="float"/>
          <ITEM name="AtomicMass" value="134.9056886" type="float"/>
        </NODE>
        <NODE name="136">
          <ITEM name="RelativeAbundance" value="7.854" type="float"/>
          <ITEM name="AtomicMass" value="135.9045759" type="float"/>
        </NODE>
        <NODE name="137">
          <ITEM name="RelativeAbundance" value="11.232" type="float"/>
          <ITEM name="AtomicMass" value="136.9058274" type="float"/>
        </NODE>
        <NODE name="138">
          <ITEM name="RelativeAbundance" value="71.698" type="float"/>
          <ITEM name="AtomicMass" value="137.9052472" type="float"/>
        </NODE>
      </NODE>
    </NODE>    
    <NODE name="Manganese">
      <ITEM name="Name" value="Manganese" type="string" />
      <ITEM name="Symbol" value="Mn" type="string" />
      <ITEM name="AtomicNumber" value="25" type="int" />
      <NODE name="Isotopes">
        <NODE name="55">
          <ITEM name="RelativeAbundance" value="100.0" type="float" />
          <ITEM name="AtomicMass" value="54.938050" type="float" />
        </NODE>
      </NODE>
    </NODE>
    <NODE name="Ferrum">
      <ITEM name="Name" value="Ferrum" type="string" />
      <ITEM name="Symbol" value="Fe" type="string" />
      <ITEM name="AtomicNumber" value="26" type="int" />
      <NODE name="Isotopes">
        <NODE name="54">
          <ITEM name="RelativeAbundance" value="5.845" type="float" />
          <ITEM name="AtomicMass" value="53.9396105" type="float" />
        </NODE>
        <NODE name="56">
          <ITEM name="RelativeAbundance" value="91.754" type="float" />
          <ITEM name="AtomicMass" value="55.9349375" type="float" />
        </NODE>
        <NODE name="57">
          <ITEM name="RelativeAbundance" value="2.1191" type="float" />
          <ITEM name="AtomicMass" value="56.9353940" type="float" />
        </NODE>
        <NODE name="58">
          <ITEM name="RelativeAbundance" value="0.2819" type="float" />
          <ITEM name="AtomicMass" value="57.9332756" type="float" />
        </NODE>
      </NODE>
    </NODE>
    <NODE name="Cobalt">
      <ITEM name="Name" value="Cobalt" type="string" />
      <ITEM name="Symbol" value="Co" type="string" />
      <ITEM name="AtomicNumber" value="27" type="int" />
      <NODE name="Isotopes">
        <NODE name="59">
          <ITEM name="RelativeAbundance" value="100.0" type="float" />
          <ITEM name="AtomicMass" value="58.933195" type="float" />
        </NODE>
      </NODE>
    </NODE>
    <NODE name="Nickel">
      <ITEM name="Name" value="Nickel" type="string" />
      <ITEM name="Symbol" value="Ni" type="string" />
      <ITEM name="AtomicNumber" value="28" type="int" />
      <NODE name="Isotopes">
        <NODE name="58">
          <ITEM name="RelativeAbundance" value="68.0169" type="float" />
          <ITEM name="AtomicMass" value="57.935348" type="float" />
        </NODE>
        <NODE name="60">
          <ITEM name="RelativeAbundance" value="26.2231" type="float" />
          <ITEM name="AtomicMass" value="59.930791" type="float" />
        </NODE>
        <NODE name="61">
          <ITEM name="RelativeAbundance" value="1.1399" type="float" />
          <ITEM name="AtomicMass" value="60.931060" type="float" />
        </NODE>
        <NODE name="62">
          <ITEM name="RelativeAbundance" value="3.6345" type="float" />
          <ITEM name="AtomicMass" value="61.928349" type="float" />
        </NODE>
        <NODE name="64">
          <ITEM name="RelativeAbundance" value="0.9256" type="float" />
          <ITEM name="AtomicMass" value="63.927970" type="float" />
        </NODE>
      </NODE>
    </NODE>
    <NODE name="Copper">
      <ITEM name="Name" value="Copper" type="string" />
      <ITEM name="Symbol" value="Cu" type="string" />
      <ITEM name="AtomicNumber" value="29" type="int" />
      <NODE name="Isotopes">
        <NODE name="63">
          <ITEM name="RelativeAbundance" value="69.17" type="float" />
          <ITEM name="AtomicMass" value="62.929601" type="float" />
        </NODE>
        <NODE name="65">
          <ITEM name="RelativeAbundance" value="30.83" type="float" />
          <ITEM name="AtomicMass" value="64.927794" type="float" />
        </NODE>
      </NODE>
    </NODE>
    <NODE name="Zinc">
      <ITEM name="Name" value="Zinc" type="string" />
      <ITEM name="Symbol" value="Zn" type="string" />
      <ITEM name="AtomicNumber" value="30" type="int" />
      <NODE name="Isotopes">
        <NODE name="64">
          <ITEM name="RelativeAbundance" value="48.63" type="float" />
          <ITEM name="AtomicMass" value="63.929147" type="float" />
        </NODE>
        <NODE name="66">
          <ITEM name="RelativeAbundance" value="27.90" type="float" />
          <ITEM name="AtomicMass" value="65.926037" type="float" />
        </NODE>
        <NODE name="67">
          <ITEM name="RelativeAbundance" value="4.10" type="float" />
          <ITEM name="AtomicMass" value="66.927131" type="float" />
        </NODE>
        <NODE name="68">
          <ITEM name="RelativeAbundance" value="18.75" type="float" />
          <ITEM name="AtomicMass" value="67.924848" type="float" />
        </NODE>
        <NODE name="70">
          <ITEM name="RelativeAbundance" value="0.62" type="float" />
          <ITEM name="AtomicMass" value="69.925325" type="float" />
        </NODE>
      </NODE>
    </NODE>
    <NODE name="Gallium">
      <ITEM name="Name" value="Gallium" type="string" />
      <ITEM name="Symbol" value="Ga" type="string" />
      <ITEM name="AtomicNumber" value="31" type="int" />
      <NODE name="Isotopes">
        <NODE name="69">
          <ITEM name="RelativeAbundance" value="60.108" type="float"/>
          <ITEM name="AtomicMass" value="68.9255736" type="float"/>
        </NODE>
        <NODE name="71">
          <ITEM name="RelativeAbundance" value="39.892" type="float"/>
          <ITEM name="AtomicMass" value="70.9247013" type="float"/>
        </NODE>
      </NODE>
    </NODE>    
    <NODE name="Germanium">
      <ITEM name="Name" value="Germanium" type="string" />
      <ITEM name="Symbol" value="Ge" type="string" />
      <ITEM name="AtomicNumber" value="32" type="int" />
      <NODE name="Isotopes">
        <NODE name="70">
          <ITEM name="RelativeAbundance" value="20.38" type="float"/>
          <ITEM name="AtomicMass" value="69.9242474" type="float"/>
        </NODE>
        <NODE name="72">
          <ITEM name="RelativeAbundance" value="27.31" type="float"/>
          <ITEM name="AtomicMass" value="71.9220758" type="float"/>
        </NODE>
        <NODE name="73">
          <ITEM name="RelativeAbundance" value="7.76" type="float"/>
          <ITEM name="AtomicMass" value="72.9234589" type="float"/>
        </NODE>
        <NODE name="74">
          <ITEM name="RelativeAbundance" value="36.72" type="float"/>
          <ITEM name="AtomicMass" value="73.9211778" type="float"/>
        </NODE>
      </NODE>
    </NODE>
    <NODE name="Arsenic">
      <ITEM name="Name" value="Arsenic" type="string" />
      <ITEM name="Symbol" value="As" type="string" />
      <ITEM name="AtomicNumber" value="33" type="int" />
      <NODE name="Isotopes">
        <NODE name="75">
          <ITEM name="RelativeAbundance" value="100.0" type="float" />
          <ITEM name="AtomicMass" value="74.9215965" type="float" />
        </NODE>
      </NODE>
    </NODE>
    <NODE name="Rubidium">
      <ITEM name="Name" value="Rubidium" type="string" />
      <ITEM name="Symbol" value="Rb" type="string" />
      <ITEM name="AtomicNumber" value="37" type="int" />
      <NODE name="Isotopes">
        <NODE name="85">
          <ITEM name="RelativeAbundance" value="72.17" type="float"/>
          <ITEM name="AtomicMass" value="84.911789738" type="float"/>
        </NODE>
      </NODE>
    </NODE>
    <NODE name="Strontium">
      <ITEM name="Name" value="Strontium" type="string" />
      <ITEM name="Symbol" value="Sr" type="string" />
      <ITEM name="AtomicNumber" value="38" type="int" />
      <NODE name="Isotopes">
        <NODE name="84">
          <ITEM name="RelativeAbundance" value="0.56" type="float" />
          <ITEM name="AtomicMass" value="83.913425" type="float" />
        </NODE>
        <NODE name="86">
          <ITEM name="RelativeAbundance" value="9.86" type="float" />
          <ITEM name="AtomicMass" value="85.9092607309" type="float" />
        </NODE>
        <NODE name="87">
          <ITEM name="RelativeAbundance" value="7.0" type="float" />
          <ITEM name="AtomicMass" value="86.9088774970" type="float" />
        </NODE>
        <NODE name="88">
          <ITEM name="RelativeAbundance" value="82.58" type="float" />
          <ITEM name="AtomicMass" value="87.9056122571" type="float" />
        </NODE>
      </NODE>
    </NODE>
    <NODE name="Zirconium">
      <ITEM name="Name" value="Zirconium" type="string" />
      <ITEM name="Symbol" value="Zr" type="string" />
      <ITEM name="AtomicNumber" value="40" type="int" />
      <NODE name="Isotopes">
        <NODE name="90">
          <ITEM name="RelativeAbundance" value="51.45" type="float" />
          <ITEM name="AtomicMass" value="89.9047044" type="float" />
        </NODE>
        <NODE name="91">
          <ITEM name="RelativeAbundance" value="11.22" type="float" />
          <ITEM name="AtomicMass" value="90.9056458" type="float" />
        </NODE>
        <NODE name="92">
          <ITEM name="RelativeAbundance" value="17.15" type="float" />
          <ITEM name="AtomicMass" value="91.9050408" type="float" />
        </NODE>
        <NODE name="94">
          <ITEM name="RelativeAbundance" value="17.38" type="float" />
          <ITEM name="AtomicMass" value="93.9063152" type="float" />
        </NODE>
      </NODE>
    </NODE>
    <NODE name="Ruthenium">
      <ITEM name="Name" value="Ruthenium" type="string" />
      <ITEM name="Symbol" value="Ru" type="string" />
      <ITEM name="AtomicNumber" value="44" type="int" />
      <NODE name="Isotopes">
        <NODE name="96">
          <ITEM name="RelativeAbundance" value="5.54" type="float" />
          <ITEM name="AtomicMass" value="95.907598" type="float" />
        </NODE>
        <NODE name="98">
          <ITEM name="RelativeAbundance" value="1.87" type="float" />
          <ITEM name="AtomicMass" value="97.905287" type="float" />
        </NODE>
        <NODE name="99">
          <ITEM name="RelativeAbundance" value="12.76" type="float" />
          <ITEM name="AtomicMass" value="98.9059393" type="float" />
        </NODE>
        <NODE name="100">
          <ITEM name="RelativeAbundance" value="12.60" type="float" />
          <ITEM name="AtomicMass" value="99.9042195" type="float" />
        </NODE>
        <NODE name="101">
          <ITEM name="RelativeAbundance" value="17.06" type="float" />
          <ITEM name="AtomicMass" value="100.9055821" type="float" />
        </NODE>
        <NODE name="102">
          <ITEM name="RelativeAbundance" value="31.55" type="float" />
          <ITEM name="AtomicMass" value="101.9043493" type="float" />
        </NODE>
        <NODE name="104">
          <ITEM name="RelativeAbundance" value="18.62" type="float" />
          <ITEM name="AtomicMass" value="103.905433" type="float" />
        </NODE>
      </NODE>
    </NODE>
    <NODE name="Tin">
      <ITEM name="Name" value="Tin" type="string" />
      <ITEM name="Symbol" value="Sn" type="string" />
      <ITEM name="AtomicNumber" value="50" type="int" />
      <NODE name="Isotopes">
        <NODE name="112">
          <ITEM name="RelativeAbundance" value="0.97" type="float" />
          <ITEM name="AtomicMass" value="111.904818" type="float" />
        </NODE>
        <NODE name="114">
          <ITEM name="RelativeAbundance" value="0.66" type="float" />
          <ITEM name="AtomicMass" value="113.9027779" type="float" />
        </NODE>
        <NODE name="115">
          <ITEM name="RelativeAbundance" value="0.34" type="float" />
          <ITEM name="AtomicMass" value="114.903342" type="float" />
        </NODE>
        <NODE name="116">
          <ITEM name="RelativeAbundance" value="14.54" type="float" />
          <ITEM name="AtomicMass" value="115.901741" type="float" />
        </NODE>
        <NODE name="117">
          <ITEM name="RelativeAbundance" value="7.68" type="float" />
          <ITEM name="AtomicMass" value="116.902952" type="float" />
        </NODE>
        <NODE name="118">
          <ITEM name="RelativeAbundance" value="24.22" type="float" />
          <ITEM name="AtomicMass" value="117.901603" type="float" />
        </NODE>
        <NODE name="119">
          <ITEM name="RelativeAbundance" value="8.59" type="float" />
          <ITEM name="AtomicMass" value="118.903308" type="float" />
        </NODE>
        <NODE name="120">
          <ITEM name="RelativeAbundance" value="32.58" type="float" />
          <ITEM name="AtomicMass" value="119.9021947" type="float" />
        </NODE>
        <NODE name="122">
          <ITEM name="RelativeAbundance" value="4.63" type="float" />
          <ITEM name="AtomicMass" value="121.9034390" type="float" />
        </NODE>
        <NODE name="124">
          <ITEM name="RelativeAbundance" value="5.79" type="float" />
          <ITEM name="AtomicMass" value="123.9052739" type="float" />
        </NODE>
      </NODE>
    </NODE>
    <NODE name="Antimony">
      <ITEM name="Name" value="Antimony" type="string" />
      <ITEM name="Symbol" value="Sb" type="string" />
      <ITEM name="AtomicNumber" value="51" type="int" />
      <NODE name="Isotopes">
        <NODE name="121">
          <ITEM name="RelativeAbundance" value="57.21" type="float"/>
          <ITEM name="AtomicMass" value="120.9038157" type="float"/>
        </NODE>
        <NODE name="123">
          <ITEM name="RelativeAbundance" value="42.79" type="float"/>
          <ITEM name="AtomicMass" value="122.9042140" type="float"/>
        </NODE>
      </NODE>
    </NODE>
    <NODE name="Selenium">
      <ITEM name="Name" value="Selenium" type="string" />
      <ITEM name="Symbol" value="Se" type="string" />
      <ITEM name="AtomicNumber" value="34" type="int" />
      <NODE name="Isotopes">
        <NODE name="74">
          <ITEM name="RelativeAbundance" value="0.889" type="float" />
          <ITEM name="AtomicMass" value="73.9224764" type="float" />
        </NODE>
        <NODE name="76">
          <ITEM name="RelativeAbundance" value="9.366" type="float" />
          <ITEM name="AtomicMass" value="75.9192136" type="float" />
        </NODE>
        <NODE name="77">
          <ITEM name="RelativeAbundance" value="7.635" type="float" />
          <ITEM name="AtomicMass" value="76.9199140" type="float" />
        </NODE>
        <NODE name="78">
          <ITEM name="RelativeAbundance" value="23.772" type="float" />
          <ITEM name="AtomicMass" value="77.9173091" type="float" />
        </NODE>
        <NODE name="80">
          <ITEM name="RelativeAbundance" value="49.607" type="float" />
          <ITEM name="AtomicMass" value="79.9165213" type="float" />
        </NODE>
        <NODE name="82">
          <ITEM name="RelativeAbundance" value="8.731" type="float" />
          <ITEM name="AtomicMass" value="81.9166994" type="float" />
        </NODE>
      </NODE>
    </NODE>    
    <NODE name="Bromine">
      <ITEM name="Name" value="Bromine" type="string" />
      <ITEM name="Symbol" value="Br" type="string" />
      <ITEM name="AtomicNumber" value="35" type="int" />
      <NODE name="Isotopes">
        <NODE name="79">
          <ITEM name="RelativeAbundance" value="50.69" type="float" />
          <ITEM name="AtomicMass" value="78.9183371" type="float" />
        </NODE>
        <NODE name="81">
          <ITEM name="RelativeAbundance" value="49.31" type="float" />
          <ITEM name="AtomicMass" value="80.9162906" type="float" />
        </NODE>
      </NODE>
    </NODE>
    <NODE name="Molybdenum">
      <ITEM name="Name" value="Molybdenum" type="string" />
      <ITEM name="Symbol" value="Mo" type="string" />
      <ITEM name="AtomicNumber" value="42" type="int" />
      <NODE name="Isotopes">
        <NODE name="92">
          <ITEM name="RelativeAbundance" value="14.84" type="float" />
          <ITEM name="AtomicMass" value="91.906810" type="float" />
        </NODE>
        <NODE name="94">
          <ITEM name="RelativeAbundance" value="9.25" type="float" />
          <ITEM name="AtomicMass" value="93.905088" type="float" />
        </NODE>
        <NODE name="95">
          <ITEM name="RelativeAbundance" value="15.92" type="float" />
          <ITEM name="AtomicMass" value="94.905841" type="float" />
        </NODE>
        <NODE name="96">
          <ITEM name="RelativeAbundance" value="16.68" type="float" />
          <ITEM name="AtomicMass" value="95.904679" type="float" />
        </NODE>
        <NODE name="97">
          <ITEM name="RelativeAbundance" value="9.55" type="float" />
          <ITEM name="AtomicMass" value="96.906021" type="float" />
        </NODE>
        <NODE name="98">
          <ITEM name="RelativeAbundance" value="24.13" type="float" />
          <ITEM name="AtomicMass" value="97.905408" type="float" />
        </NODE>
        <NODE name="100">
          <ITEM name="RelativeAbundance" value="9.63" type="float" />
          <ITEM name="AtomicMass" value="99.907477" type="float" />
        </NODE>
      </NODE>
    </NODE>
    <NODE name="Palladium">
      <ITEM name="Name" value="Palladium" type="string" />
      <ITEM name="Symbol" value="Pd" type="string" />
      <ITEM name="AtomicNumber" value="46" type="int" />
      <NODE name="Isotopes">
        <NODE name="102">
          <ITEM name="RelativeAbundance" value="1.02" type="float" />
          <ITEM name="AtomicMass" value="101.905609" type="float" />
        </NODE>
        <NODE name="104">
          <ITEM name="RelativeAbundance" value="11.14" type="float" />
          <ITEM name="AtomicMass" value="103.904036" type="float" />
        </NODE>
        <NODE name="105">
          <ITEM name="RelativeAbundance" value="22.33" type="float" />
          <ITEM name="AtomicMass" value="104.905085" type="float" />
        </NODE>
        <NODE name="106">
          <ITEM name="RelativeAbundance" value="27.33" type="float" />
          <ITEM name="AtomicMass" value="105.903486" type="float" />
        </NODE>
        <NODE name="108">
          <ITEM name="RelativeAbundance" value="26.46" type="float" />
          <ITEM name="AtomicMass" value="107.903892" type="float" />
        </NODE>
        <NODE name="110">
          <ITEM name="RelativeAbundance" value="11.72" type="float" />
          <ITEM name="AtomicMass" value="109.905153" type="float" />
        </NODE>
      </NODE>
    </NODE>
    <NODE name="Silver">
      <ITEM name="Name" value="Silver" type="string" />
      <ITEM name="Symbol" value="Ag" type="string" />
      <ITEM name="AtomicNumber" value="47" type="int" />
      <NODE name="Isotopes">
        <NODE name="107">
          <ITEM name="RelativeAbundance" value="51.839" type="float" />
          <ITEM name="AtomicMass" value="106.905093" type="float" />
        </NODE>
        <NODE name="109">
          <ITEM name="RelativeAbundance" value="48.161" type="float" />
          <ITEM name="AtomicMass" value="108.904756" type="float" />
        </NODE>
      </NODE>
    </NODE>
    <NODE name="Cadmium">
      <ITEM name="Name" value="Cadmium" type="string" />
      <ITEM name="Symbol" value="Cd" type="string" />
      <ITEM name="AtomicNumber" value="48" type="int" />
      <NODE name="Isotopes">
        <NODE name="106">
          <ITEM name="RelativeAbundance" value="1.25" type="float" />
          <ITEM name="AtomicMass" value="105.906458" type="float" />
        </NODE>
        <NODE name="108">
          <ITEM name="RelativeAbundance" value="0.89" type="float" />
          <ITEM name="AtomicMass" value="107.904184" type="float" />
        </NODE>
        <NODE name="110">
          <ITEM name="RelativeAbundance" value="12.49" type="float" />
          <ITEM name="AtomicMass" value="109.9030021" type="float" />
        </NODE>
        <NODE name="111">
          <ITEM name="RelativeAbundance" value="12.8" type="float" />
          <ITEM name="AtomicMass" value="110.9041781" type="float" />
        </NODE>
        <NODE name="112">
          <ITEM name="RelativeAbundance" value="24.13" type="float" />
          <ITEM name="AtomicMass" value="111.9027578" type="float" />
        </NODE>
        <NODE name="113">
          <ITEM name="RelativeAbundance" value="12.22" type="float" />
          <ITEM name="AtomicMass" value="112.9044017" type="float" />
        </NODE>
        <NODE name="114">
          <ITEM name="RelativeAbundance" value="28.73" type="float" />
          <ITEM name="AtomicMass" value="113.9033585" type="float" />
        </NODE>
        <NODE name="116">
          <ITEM name="RelativeAbundance" value="7.49" type="float" />
          <ITEM name="AtomicMass" value="115.904756" type="float" />
        </NODE>
      </NODE>
    </NODE>
    <NODE name="Iodine">
      <ITEM name="Name" value="Iodine" type="string" />
      <ITEM name="Symbol" value="I" type="string" />
      <ITEM name="AtomicNumber" value="53" type="int" />
      <NODE name="Isotopes">
        <NODE name="127">
          <ITEM name="RelativeAbundance" value="100.0" type="float" />
          <ITEM name="AtomicMass" value="126.904473" type="float" />
        </NODE>
      </NODE>
    </NODE>
    <NODE name="Caesium">
      <ITEM name="Name" value="Caesium" type="string" />
      <ITEM name="Symbol" value="Cs" type="string" />
      <ITEM name="AtomicNumber" value="55" type="int" />
      <NODE name="Isotopes">
        <NODE name="133">
          <ITEM name="RelativeAbundance" value="100.0" type="float" />
          <ITEM name="AtomicMass" value="132.905451933" type="float" />
        </NODE>
      </NODE>
    </NODE>
    <NODE name="Cerium">
      <ITEM name="Name" value="Cerium" type="string" />
      <ITEM name="Symbol" value="Ce" type="string" />
      <ITEM name="AtomicNumber" value="58" type="int" />
      <NODE name="Isotopes">
        <NODE name="136">
          <ITEM name="RelativeAbundance" value="0.185" type="float"/>
          <ITEM name="AtomicMass" value="135.907172" type="float"/>
        </NODE>
        <NODE name="138">
          <ITEM name="RelativeAbundance" value="0.251" type="float"/>
          <ITEM name="AtomicMass" value="137.905991" type="float"/>
        </NODE>
        <NODE name="140">
          <ITEM name="RelativeAbundance" value="88.450" type="float"/>
          <ITEM name="AtomicMass" value="139.9054387" type="float"/>
        </NODE>
        <NODE name="142">
          <ITEM name="RelativeAbundance" value="11.114" type="float"/>
          <ITEM name="AtomicMass" value="141.909244" type="float"/>
        </NODE>
      </NODE>
    </NODE>
    <NODE name="Gadolinium">
      <ITEM name="Name" value="Gadolinium" type="string" />
      <ITEM name="Symbol" value="Gd" type="string" />
      <ITEM name="AtomicNumber" value="64" type="int" />
      <NODE name="Isotopes">
        <NODE name="152">
          <ITEM name="RelativeAbundance" value="0.2" type="float" />
          <ITEM name="AtomicMass" value="151.9197910" type="float" />
        </NODE>
        <NODE name="154">
          <ITEM name="RelativeAbundance" value="2.18" type="float" />
          <ITEM name="AtomicMass" value="153.9208656" type="float" />
        </NODE>
        <NODE name="155">
          <ITEM name="RelativeAbundance" value="14.8" type="float" />
          <ITEM name="AtomicMass" value="154.9226220" type="float" />
        </NODE>
        <NODE name="156">
          <ITEM name="RelativeAbundance" value="20.47" type="float" />
          <ITEM name="AtomicMass" value="155.9221227" type="float" />
        </NODE>
        <NODE name="157">
          <ITEM name="RelativeAbundance" value="15.65" type="float" />
          <ITEM name="AtomicMass" value="156.9239601" type="float" />
        </NODE>
        <NODE name="158">
          <ITEM name="RelativeAbundance" value="24.84" type="float" />
          <ITEM name="AtomicMass" value="157.9241039" type="float" />
        </NODE>
        <NODE name="160">
          <ITEM name="RelativeAbundance" value="21.86" type="float" />
          <ITEM name="AtomicMass" value="159.9270541" type="float" />
        </NODE>
      </NODE>
    </NODE>
    <NODE name="Hafnium">
      <ITEM name="Name" value="Hafnium" type="string" />
      <ITEM name="Symbol" value="Hf" type="string" />
      <ITEM name="AtomicNumber" value="72" type="int" />
      <NODE name="Isotopes">
        <NODE name="176">
          <ITEM name="RelativeAbundance" value="5.26" type="float"/>
          <ITEM name="AtomicMass" value="175.9414086" type="float"/>
        </NODE>
        <NODE name="177">
          <ITEM name="RelativeAbundance" value="18.60" type="float"/>
          <ITEM name="AtomicMass" value="176.9432207" type="float"/>
        </NODE>
        <NODE name="178">
          <ITEM name="RelativeAbundance" value="27.28" type="float"/>
          <ITEM name="AtomicMass" value="177.9436988" type="float"/>
        </NODE>
        <NODE name="179">
          <ITEM name="RelativeAbundance" value="13.62" type="float"/>
          <ITEM name="AtomicMass" value="178.9458161" type="float"/>
        </NODE>
        <NODE name="180">
          <ITEM name="RelativeAbundance" value="35.08" type="float"/>
          <ITEM name="AtomicMass" value="179.9465500" type="float"/>
        </NODE>
      </NODE>
    </NODE>    
    <NODE name="Tantalum">
      <ITEM name="Name" value="Tantalum" type="string" />
      <ITEM name="Symbol" value="Ta" type="string" />
      <ITEM name="AtomicNumber" value="73" type="int" />
      <NODE name="Isotopes">
        <NODE name="181">
          <ITEM name="RelativeAbundance" value="100.00" type="float" />
          <ITEM name="AtomicMass" value="180.9479958" type="float" />
        </NODE>
      </NODE>
    </NODE>
    <NODE name="Platinum">
      <ITEM name="Name" value="Platinum" type="string" />
      <ITEM name="Symbol" value="Pt" type="string" />
      <ITEM name="AtomicNumber" value="78" type="int" />
      <NODE name="Isotopes">
        <NODE name="192">
          <ITEM name="RelativeAbundance" value="0.782" type="float" />
          <ITEM name="AtomicMass" value="191.9610380" type="float" />
        </NODE>
        <NODE name="194">
          <ITEM name="RelativeAbundance" value="32.967" type="float" />
          <ITEM name="AtomicMass" value="193.9626803" type="float" />
        </NODE>
        <NODE name="195">
          <ITEM name="RelativeAbundance" value="33.832" type="float" />
          <ITEM name="AtomicMass" value="194.9647911" type="float" />
        </NODE>
        <NODE name="196">
          <ITEM name="RelativeAbundance" value="25.242" type="float" />
          <ITEM name="AtomicMass" value="195.9649515" type="float" />
        </NODE>
        <NODE name="198">
          <ITEM name="RelativeAbundance" value="7.163" type="float" />
          <ITEM name="AtomicMass" value="197.967893" type="float" />
        </NODE>
      </NODE>
    </NODE>
     <NODE name="Tungsten">
      <ITEM name="Name" value="Tungsten" type="string" />
      <ITEM name="Symbol" value="W" type="string" />
      <ITEM name="AtomicNumber" value="74" type="int" />
      <NODE name="Isotopes">
        <NODE name="180">
          <ITEM name="RelativeAbundance" value="0.12" type="float" />
          <ITEM name="AtomicMass" value="179.946704" type="float" />
        </NODE>
        <NODE name="182">
          <ITEM name="RelativeAbundance" value="26.50" type="float" />
          <ITEM name="AtomicMass" value="181.9482042" type="float" />
        </NODE>
        <NODE name="183">
          <ITEM name="RelativeAbundance" value="14.31" type="float" />
          <ITEM name="AtomicMass" value="182.9502230" type="float" />
        </NODE>
        <NODE name="184">
          <ITEM name="RelativeAbundance" value="30.64" type="float" />
          <ITEM name="AtomicMass" value="183.950931" type="float" />
        </NODE>
        <NODE name="186">
          <ITEM name="RelativeAbundance" value="28.43" type="float" />
          <ITEM name="AtomicMass" value="185.9543641" type="float" />
        </NODE>
      </NODE>
    </NODE>
    <NODE name="Gold">
      <ITEM name="Name" value="Gold" type="string" />
      <ITEM name="Symbol" value="Au" type="string" />
      <ITEM name="AtomicNumber" value="79" type="int" />
      <NODE name="Isotopes">
        <NODE name="197">
          <ITEM name="RelativeAbundance" value="100.0" type="float" />
          <ITEM name="AtomicMass" value="196.966551" type="float" />
        </NODE>
      </NODE>
    </NODE>
    <NODE name="Mercury">
      <ITEM name="Name" value="Mercury" type="string" />
      <ITEM name="Symbol" value="Hg" type="string" />
      <ITEM name="AtomicNumber" value="80" type="int" />
      <NODE name="Isotopes">
        <NODE name="196">
          <ITEM name="RelativeAbundance" value="0.15" type="float" />
          <ITEM name="AtomicMass" value="195.965833" type="float" />
        </NODE>
        <NODE name="198">
          <ITEM name="RelativeAbundance" value="9.97" type="float" />
          <ITEM name="AtomicMass" value="197.9667690" type="float" />
        </NODE>
        <NODE name="199">
          <ITEM name="RelativeAbundance" value="16.87" type="float" />
          <ITEM name="AtomicMass" value="198.9682799" type="float" />
        </NODE>
        <NODE name="200">
          <ITEM name="RelativeAbundance" value="23.10" type="float" />
          <ITEM name="AtomicMass" value="199.9683260" type="float" />
        </NODE>
        <NODE name="201">
          <ITEM name="RelativeAbundance" value="13.18" type="float" />
          <ITEM name="AtomicMass" value="200.9703023" type="float" />
        </NODE>
        <NODE name="202">
          <ITEM name="RelativeAbundance" value="29.86" type="float" />
          <ITEM name="AtomicMass" value="201.9706430" type="float" />
        </NODE>
        <NODE name="204">
          <ITEM name="RelativeAbundance" value="6.87" type="float" />
          <ITEM name="AtomicMass" value="203.9734939" type="float" />
        </NODE>
      </NODE>
    </NODE>
    <NODE name="Thallium">
      <ITEM name="Name" value="Thallium" type="string" />
      <ITEM name="Symbol" value="Tl" type="string" />
      <ITEM name="AtomicNumber" value="81" type="int" />
      <NODE name="Isotopes">
        <NODE name="203">
          <ITEM name="RelativeAbundance" value="29.52" type="float" />
          <ITEM name="AtomicMass" value="202.9723442" type="float" />
        </NODE>
        <NODE name="205">
          <ITEM name="RelativeAbundance" value="70.48" type="float" />
          <ITEM name="AtomicMass" value="204.9744275" type="float" />
        </NODE>
      </NODE>
    </NODE>
    <NODE name="Lead">
      <ITEM name="Name" value="Lead" type="string" />
      <ITEM name="Symbol" value="Pb" type="string" />
      <ITEM name="AtomicNumber" value="82" type="int" />
      <NODE name="Isotopes">
        <NODE name="204">
          <ITEM name="RelativeAbundance" value="1.4" type="float" />
          <ITEM name="AtomicMass" value="203.9730436" type="float" />
        </NODE>
        <NODE name="206">
          <ITEM name="RelativeAbundance" value="24.1" type="float" />
          <ITEM name="AtomicMass" value="205.9744653" type="float" />
        </NODE>
        <NODE name="207">
          <ITEM name="RelativeAbundance" value="22.1" type="float" />
          <ITEM name="AtomicMass" value="206.9758969" type="float" />
        </NODE>
        <NODE name="208">
          <ITEM name="RelativeAbundance" value="52.4" type="float" />
          <ITEM name="AtomicMass" value="206.9758969" type="float" />
        </NODE>
      </NODE>
    </NODE>
    <NODE name="Bismuth">
      <ITEM name="Name" value="Bismuth" type="string" />
      <ITEM name="Symbol" value="Bi" type="string" />
      <ITEM name="AtomicNumber" value="83" type="int" />
      <NODE name="Isotopes">
        <NODE name="209">
          <ITEM name="RelativeAbundance" value="100.0" type="float" />
          <ITEM name="AtomicMass" value="208.9803987" type="float" />
        </NODE>
      </NODE>
    </NODE>
  </NODE>
</PARAMETERS>
